{"ratio": {"BITH11": 4258.734636634171, "ETHE11": 341.19311084492495, "HASH11": 346.95267778634013, "WEB311": 64.53878064106745}, "premium": {"BITH11": 0.8439133333333333, "ETHE11": -0.21714666666666668, "HASH11": -0.13336, "WEB311": 0.36362}}